{
    "status": 0,
    "msg": "ok",
    "result": {
        "channel": "头条",
        "num": 10,
        "list": [
            {
                "title": "北京市教委：已返校复课年级学生可自愿选择居家学习",
                "time": "2020-06-15 07:56:00",
                "src": "中国新闻网",
                "category": "edu",
                "pic": "https://n.sinaimg.cn/edu/transform/500/w300h200/20200615/3fe2-iuzasxs3021250.jpg",
                "content": "<p class=\"art_p\">中新网6月14日电 据北京市教委微信公众号消息，6月14日，北京市委教育工委副书记、市教委新闻发言人李奕在接受采访时表示：返校复课之后，学生可以根据家庭的条件和家长的安排，选择不返校复课继续居家学习。初高三毕业年级在中高考前14天结束学校生活，进行居家复习。</p>\n<p class=\"art_p\"><strong>1、已返校复课年级学生可自愿选择居家学习</strong></p>\n<p class=\"art_p\">返校复课之后，我们一直坚持的一条原则就是学生可以根据家庭的条件和家长的安排，选择不返校复课继续居家学习。</p>\n<p class=\"art_p\">家长和学校沟通之后，孩子可以在家继续通过在线的方式完成本学期的学业，也要求各学校不同年级返校复课之后，在线的学习和教育资源不中断，学校要做好针对性的学业辅导和心理关怀。</p>\n<p class=\"art_p\"><strong>2、初高三年级考前14天结束学校生活</strong></p>\n<div sax-type=\"proxy\" class=\"j_native_hij200615 box\" style=\"margin:20px 0\"></div><p class=\"art_p\">初高三年级是我们高度重视防控要求和各项工作的一个年级，我们要求各区坚持疫情防控为主，初高三毕业年级在中高考前14天结束学校生活，进行居家复习，这样安排的目的主要是为了最大限度确保每一个孩子的健康安全。</p>\n<p class=\"art_p\"><strong>3、严落实各项防控措施</strong></p>\n<p class=\"art_p\">按照现在北京市整体的防控的要求和疫情的发展形势，我们进一步强调学校内部的各项防控措施必须严格落实。比如说师生员工科学佩戴口罩，在校园内包括上课期间都要全程佩戴口罩。另外像学校的就餐，严格坚持分批次、错峰安排、保持间距，确保就餐安全。</p>\n<p class=\"art_p\">在管理上，进一步坚持和强化以班级为单位的单元管理。进一步加强学校食堂管理，包括所有食堂工作人员的行踪管理，以及近14日体温和健康状况的管理等，同时要求食堂要特别加强消杀工作。</p>",
                "url": "https://edu.sina.cn/zxx/zxxzx/2020-06-15/detail-iirczymk7019742.d.html?vt=4&pos=108",
                "weburl": "https://edu.sina.com.cn/zxx/2020-06-15/doc-iirczymk7019742.shtml"
            },
            {
                "title": "天津农学院何时更名天津农业大学？官方：已上报教育部",
                "time": "2020-06-15 06:30:00",
                "src": "澎湃新闻",
                "category": "edu",
                "pic": "https://n.sinaimg.cn/edu/transform/500/w300h200/20200614/0db5-iuzasxs2509634.jpg",
                "content": "<p class=\"art_p\" cms-style=\"font-L\">北方著名农学类高校天津农学院何时更名为“天津农业大学”备受关注。</p>\n<p class=\"art_p\" cms-style=\"font-L\">澎湃新闻记者注意到，有网友今年6月初在人民网领导留言板上询问“天津农学院更名大学进展”：天津农学院是市属公办高校，天津其他同级别高校都已经完成相关更名工作，就差天津农学院一个了。之前有消息称更名工作已开展，我想知道最新的进展。大概到了哪一步？什么时候可以完成？关于更名工作是否纳入了十三五教育工作规划。</p>\n<p class=\"art_p\" cms-style=\"font-L\">该网友还在留言中表示：（天津）农学院有几个校区，但每一个都不大。东校区是主要的校区，容纳的人最多，但是校园设施还是不完善，吃饭、洗浴都很小，住宿的条件都是上下铺，个别还是八人间住六人，无上床下桌。天热时，真的热。天津市政府能否拿出资金用于校园建设，提升师生幸福感。周围的蓟州、宁河等地还有农业建设，建设一所好的高水平的农业大学更有利于乡村振兴，服务三农，科技兴农。</p>\n<p class=\"art_p\" cms-style=\"font-L\">对此，天津农学院6月14日回复称：“学校更名工作得到市委、市政府和市教委的大力支持，受到了社会各界的高度关注。不断提升学校办学水平，努力完成学校更名工作是几代天农人持续奋斗的目标，也是社会各界对天农发展的殷切期盼。根据天津市高等教育布局的需要和学校事业发展的需求，我校提出拟更名为天津农业大学。经天津市高等学校设置评议委员会专家组考察评议，该事项已纳入《天津市高等学校设置第十三个五年规划》。我校已于2019年向教育部递交了更名大学申请，目前正积极为专家入校考察进行前期准备。”</p>\n<p class=\"art_p\" cms-style=\"font-L\">关于校园基础设施建设问题，天津农学院回复称：“由于历史原因，长期以来，学校硬件条件不足成为影响学校事业发展的瓶颈问题，也成为师生和家长、社会重点关注的问题。自2017年以来，在上级支持下，学校加大基础设施建设力度，先后进行了东、西校区的环境提升改造，学校面貌得以焕然一新。但是，由于校舍面积不足，导致资源紧张，特别是学生宿舍当前仍以6人间为主。目前，我们正在积极筹划学生宿舍空调安装工作。同时，我们也在加快制定西校区总体建设规划，努力争取上级支持，进一步加强校园基础设施建设。再次感谢你对学校事业发展的关心与支持。”</p>\n<p class=\"art_p\" cms-style=\"font-L\">据学院官网介绍：天津农学院始建于1976年。2001年经天津市政府批准，天津市城乡经济学校并入天津农学院。1982年获学士学位授予权，2006年获硕士学位授予权。1996年首批通过国家教委本科教学合格评价，2007年在教育部进行的本科教学工作水平评估中获得“优秀”。学校以农科为主体，农学、工学、管理学、理学、经济学、文学、艺术学协调发展。经过多年的办学实践，形成了紧贴区域经济社会发展，服务于现代都市型农业的鲜明办学特色。</p>",
                "url": "https://edu.sina.cn/gaokao/gkrx/2020-06-15/detail-iircuyvi8468081.d.html?vt=4&pos=108",
                "weburl": "https://edu.sina.com.cn/gaokao/2020-06-15/doc-iircuyvi8468081.shtml"
            },
            {
                "title": "专家呼吁：“注册入学”治高职单招乱象",
                "time": "2020-06-15 08:06:00",
                "src": "中国青年报",
                "category": "edu",
                "pic": "https://n.sinaimg.cn/edu/transform/500/w300h200/20200615/c11e-iuzasxs3043545.jpg",
                "content": "<p class=\"art_p\">报名多次均未成功、考试时系统崩溃、考后查不到成绩、成绩没出来即收到了几所高职的录取短信……近日，陕西省高职院校分类考试（以下简称“高职单招”）问题频发，对此，有人感叹“陕西高职单招可用一个‘乱’字来形容”。</p>\n<p class=\"art_p\">无独有偶。2016年、2017年、2020年安徽省高职院校分类考试均出现考题泄露的违规现象，而且作弊者都是使用手机QQ上传考试卷子，并传播答案。</p>\n<p class=\"art_p\">目前，高职单招已成为高职院校招生的主渠道。但是，这一国家考试政策的严肃性和公正性正面临挑战。在记者采访过程中，有高职领域人士反映，有些地方高职单招成了“放水的考试，混乱的招生”。</p>\n<p class=\"art_p\">按照国家的整体部署，今明两年高职扩招200万。在高职院校整体招生任务繁重的档口，高职单招政策该如何变革？近日，中青报·中青网记者就此进行了采访。</p>\n<p class=\"art_p\"><strong>没有成绩也可录取</strong></p>\n<p class=\"art_p\">高职单招，也称高职院校分类考试、提前考试等，指高职院校针对普通高中毕业生、中职毕业生及社会人员，在高考前单独组织命题、考试、评卷和划线录取的考试招生方式。</p>\n<p class=\"art_p\">目前，高职单招普遍实行“文化素质+职业技能”的评价方式。中职学校毕业生报考高职院校，参加文化基础与职业技能相结合的测试。普通高中毕业生报考高职院校，参加职业适应性测试，文化素质成绩使用高中学业水平考试成绩，参考综合素质评价。学生也可参加统一高考进入高职院校。</p>\n<p class=\"art_p\">5月21日，陕西省举行高职院校分类招生考试，陕西省镇巴县职业中学的洪同学回忆，自己当天上午9点50分到10点40分参加了文化素质考试，系统显示提交成功。11点10分开始第二场考试时，考试系统突然崩溃，随后考试被取消。</p>\n<p class=\"art_p\">当天，陕西省高职分类考试校际联考办公室（以下简称“联考办”）发布通告：“因高职分类考试校际联考机测系统故障，现决定5月22日至23日校际联考暂缓进行。”5月23日，陕西省联考办再发通告：“未能正常参加测试的考生，依次顺延至5月27日至29日，仍按原先预约的时间段和考点院校参加测试。”</p>\n<p class=\"art_p\">洪同学于5月27日补考了职业技能测试。在6月1日查询成绩的时候，洪同学在高职单招考试系统上查询不到文化素质考试成绩。洪同学十分担心没有成绩导致学校无法录取。于是，他到汉中市教育局、陕西省教育厅等单位四处询问，却没有得到明确回复。</p>\n<p class=\"art_p\">参加单招考试的西乡县第二中学的王同学也面临同样的问题。王同学告诉中青报·中青网记者，仅自己当时考试的考点，就有60多名同学查不到成绩。王同学先后联系了单招考点负责人和陕西省联考办，考点负责人表示，他们只是提供考场不负责系统，陕西省联考办则无人接听电话。</p>\n<p class=\"art_p\">目前，王同学和洪同学都已被陕西省的高职院校录取。为何考生没有成绩也可以被录取？6月4日，陕西省联考办发布了“关于部分考生计算机测试成绩查询有关情况的说明”，其中提到“所有已完成计算机测试的学生，只要符合所申请报考高职院校的录取条件，都能被相关招生院校录取”。</p>\n<p class=\"art_p\">在陕西某高职院校任职的李明分析，这和生源不足、部分高职院校招生计划形同虚设有关。他透露，陕西省高职院校有9万的招生计划，只有7万考生报名。</p>\n<p class=\"art_p\">李明还提到，今年陕西省高职单招录取程序混乱复杂。李明介绍，每位考生可以报考多所院校、多个专业，高职院校按照分数由高到低录取报名本校的考生。这样一来，李明分析，同一批高分考生，可能被其报考的多所院校同时录取，反之低分学生“无人问津”。但在系统显示录取结果之前，院校不知道录取了谁。</p>\n<p class=\"art_p\">不只是陕西高职单招混乱无序，安徽省高职单招也被曝出多次泄题。</p>\n<p class=\"art_p\">5月31日上午，安徽省举行2020年高职院校分类招生考试，在一个有58人，名为“171班群”的QQ群内，一名群成员在考试进行时，陆续上传18张（存在重复）疑似手拍的数学、英语、语文试卷，随后群成员将选择题答案发至群内。</p>\n<p class=\"art_p\">安徽省考试院发布通报称，考试上午结束后，省考试院接到考生举报，反映安庆某县考生考试期间利用微信向外传送考试试题图片，涉嫌作弊，目前公安机关已锁定相关当事人。安徽省考试院将依据立案查处情况，依法依规对相关责任单位和当事人进行严肃处理，坚决维护广大考生的合法权益，维护考试的公正性、严肃性。</p>\n<p class=\"art_p\">记者检索发现，2016年、2017年，安徽省在举行高职院校分类考试中均出现考题泄露的违规现象。据安徽省考试院通报，这两起泄题事件都是在QQ群上传考试卷子，并传播答案。经调查后，有关部门对考生及相关考务人员作出了严肃处理。</p>\n<div sax-type=\"proxy\" class=\"j_native_hij200615 box\" style=\"margin:20px 0\"></div><p class=\"art_p\"><strong>生源不足与无奈之选</strong></p>\n<p class=\"art_p\">高职院校推行分类考试制度由来已久。2007年是高职单招元年，教育部批准在江苏、浙江、湖南、广东等4省共计8所国家示范性高职院校率先进行单独招生试点。此后，高职单招范围逐步扩大，由国家示范性高职院校扩大到国家骨干高职院校、各省级示范性高职院校、国家高等职业教育综合改革试验区内高职院校。</p>\n<p class=\"art_p\">到了2015年，单独招生的规模大幅扩容，有的省市只要申报即可实施，可以面向高中生、中专生及社会人员招生，一些地区单独招生比例不少于本校在当地招生计划的50%，单招成为高职院校招生的主要渠道。</p>\n<p class=\"art_p\">陕西某高职院校负责招生的老师赵桢表示，近年来，该校通过单招录取的学生占比达60%以上，招生以“三校生”（普通中等专业学校、职业高中、技工学校的毕业生）为主。</p>\n<p class=\"art_p\">问及为何要参加高职单招，多名学生均表示因为自己成绩不好。王同学说，他是从高中班主任那里得知高职单招这条路，班主任表示，“就算考得再差也能被录取”。高中学业水平考试考了255分的王同学，和家长商量后决定参加高职单招，“有学上总比早早进入社会强”。</p>\n<p class=\"art_p\">单招考试的内容远比王同学预想的简单，“老年人不能看动画片对不对”，这一判断题让王同学印象深刻，他觉得考题很搞笑，“这么严肃的考试怎么会考这样的题”。</p>\n<p class=\"art_p\">“王同学的经历反映出高职院校生源不足，单招考试流于形式的问题。”赵桢表示，正因为生源严重不足，由此衍生出了高职单招过程中的诸多乱象。为了抢生源，部分高职院校雇佣第三方机构进行虚假宣传；有些学校会设置一些“门槛”，给予招生优惠、好处费等才能进校宣讲；还有高职院校和企业达成合作，请企业员工虚假报名，以此完成招生计划。</p>\n<p class=\"art_p\">重庆师范大学职教师资学院副教授袁潇长期关注高职分类考试制度，针对高职单招乱象，她总结了以下几点原因：部分民办和地理位置不佳的高职院校吸引力不足；部分高职院校自身办学条件不足，存在违规招生、虚假宣传的现象；部分高职院校和普中高中、中职学校的招生对接机制存在问题，招生信息交流不畅。</p>\n<p class=\"art_p\"><strong>探索“宽进严出”的培养模式</strong></p>\n<p class=\"art_p\">“我十分支持高职院校单招的考试招生方式。”但是袁潇也表示高职单招急需变革。她认为，高职教育作为一种类型教育，应该推行与类型教育相匹配及与普通教育并行的、独立的考试招生制度，形成具有职业教育特征的人才选拔模式，构建技术技能人才贯通培养的教育体系。</p>\n<p class=\"art_p\">就高职院校生源不足的问题，袁潇认为，可以构建新型综合高中办学模式，引导普通高中生合理分流。此外，高职院校应扩大招收中职毕业生的比例，重视非传统生源的招生，对退役军人、下岗失业人员、农民工、新型职业农民等群体可免予文化素质考试。</p>\n<p class=\"art_p\">袁潇建议构建分类、灵活多元的“职教高考”模式。在考试内容方面，除了传统的“文化素质+职业技能”的考核方式，针对退役军人、农民工等非传统生源群体可以组织单独招生，分列不同招生计划，免予文化素质考试，通过职业技能测试或职业适应性测试进行考核；从录取程序上，高职高专录取批次不应该放在本科录取批次之后，而应该试行高等职业教育单列批次录取学生；从考试时间上，应独立于高考，各省一般可提前至每年的5月底或是10月底以前完成高职分类考试招生工作。</p>\n<p class=\"art_p\">安庆职业技术学院高职教育研究所副研究员吴一鸣认为，招生是关系到高职院校生存发展的根本问题，“农民工、下岗工人、退役军人等群体，是今明两年高职院校扩招应更加聚焦的重点人群”。</p>\n<p class=\"art_p\">从实际招生的情况看，高职院校扩招的主要生源也正是社会人员。据报道，2019年，除了应届中职、普通高中毕业生，“非传统生源”约52万人，占高职院校总扩招人数的近一半。</p>\n<p class=\"art_p\">吴一鸣建议，高职院校应精准摸排重点人群信息，精准提供扩招学习机会，推动高职扩招与职业技能培训相结合，整合教育、培训、就业等方面政策资源，在各级政府“过紧日子”的大前提下，创造条件确保高职扩招入学学生生均经费拨款及时、足额到位，为学生“进得来”“学得安”和学校“装得下”“教得好”提供全方位的保障和支持。</p>\n<p class=\"art_p\">“彻底打破考试这一形式，高职院校招生应实行‘注册入学、申请入学’”，21世纪教育研究院副院长、教育学者熊丙奇给出了这样的改革方案。</p>\n<p class=\"art_p\">根据刚发布的《2019年全国教育事业发展统计公报》，2019年普通本专科招生914.9万人，其中高职院校招生人数约为483.6万，中国高等教育毛入学率已经达到51.6%，进入高等教育普及化时代。熊丙奇认为，在这样的背景下，高职院校的招生应逐渐实行“注册入学、申请入学”，既能满足受教育者接受职业教育的需求，又可以让高职灵活招生。</p>\n<p class=\"art_p\">熊丙奇认为，高职招生实行“注册入学、申请入学”的同时，必须保障培养质量，实行“宽进严出”，即不管是谁来申请入学，入学后可采取不同的培养方式，但执行同样的培养标准要求，达不到培养标准要求者将被淘汰，不能毕业。</p>",
                "url": "https://edu.sina.cn/2020-06-15/detail-iircuyvi8492019.d.html?vt=4&pos=108",
                "weburl": "https://edu.sina.com.cn/l/2020-06-15/doc-iircuyvi8492019.shtml"
            },
            {
                "title": "中国各地高校迎来毕业季 “云毕业”成新潮流",
                "time": "2020-06-15 06:30:00",
                "src": "中国新闻网",
                "category": "edu",
                "pic": "https://n.sinaimg.cn/edu/transform/500/w300h200/20200614/ecf4-iuzasxs2482004.png",
                "content": "<p class=\"art_p\" cms-style=\"font-L\">中新社南昌6月14日电 （李韵涵）6月，中国各地高校迎来了“毕业季”。今年受新冠肺炎疫情影响，“云答辩”“云毕业照”等“云毕业”方式在各高校间掀起新潮流。</p>\n<p class=\"art_p\" cms-style=\"strong-Bold font-L\"><font cms-style=\"font-L strong-Bold\">“云答辩”：特殊时期下的一种应变策略</font></p>\n<p class=\"art_p\" cms-style=\"font-L\">近日，清华大学、暨南大学、南京航空大学等多所高校发布通知，宣布调整毕业考核方式，开启毕业论文的线上答辩模式。</p>\n<p class=\"art_p\" cms-style=\"font-L\">为了保证整个答辩过程的流畅，暨南大学将每个专业的学生分成多个小组，并为每个小组配备答辩秘书。此外，每位答辩的学生可以在答辩时在屏幕上共享自己的答辩PPT，整个过程可以录屏、截屏保存。</p>\n<p class=\"art_p\" cms-style=\"font-L\">“此前学校已对软件的使用及流程进行了详细的讲解。”王懿慈表示，整个答辩过程十分流畅，不论是屏幕的共享还是与老师的沟通都十分方便。</p>\n<p class=\"art_p\" cms-style=\"strong-Bold font-L\"><font cms-style=\"font-L strong-Bold\">“云毕业照”：AI技术弥补遗憾</font></p>\n<p class=\"art_p\" cms-style=\"font-L\">与校门“合影”、在大礼堂“留念”……为避免聚集增加新冠肺炎感染风险，同时弥补未拍毕业照的遗憾，江西农业大学推出“AI云毕业照”，该校学生可以在全国各地与学校“合影”。</p>\n<p class=\"art_p\" cms-style=\"font-L\">该校的云毕业照平台分为单人模式和班级合影模式，毕业生不仅可以选择在“校门”“先骕楼”“大礼堂”等处留念打卡，还可以根据自己的学科门类，选择“工科”“文科”“农科”等不同款式学士服，并一键生成照片保存至手机。</p>\n<p class=\"art_p\" cms-style=\"font-L\">此外，中南大学、广西民族大学、南阳师范学院、重庆大学城市科技学院等高校学生利用手绘、PS等技术，为同学们设计了一套“云毕业照”。</p>\n<p class=\"art_p\" cms-style=\"strong-Bold font-L\"><font cms-style=\"font-L strong-Bold\">毕业作品“云展示”：为不能到场的观众带来更多便捷</font></p>\n<p class=\"art_p\" cms-style=\"font-L\">往年的毕业季，毕业作品展览是各大高校一道靓丽的风景线。今年受新冠肺炎疫情影响，清华大学、景德镇陶瓷大学等高校纷纷推出毕业作品线上展览。</p>\n<p class=\"art_p\" cms-style=\"font-L\">“清华大学美术学院2020届线上毕业作品展”由清华大学美术学院设计研发，清华大学-阿里巴巴人机自然交互体验实验室、阿里云资源支持，该院所有学生的毕业作品都在这个平台集中展示。</p>\n<p class=\"art_p\" cms-style=\"font-L\">“虽然在非常时期以‘线上展’这种特殊形式来展示学生的作品，但从作品中可以看到学生们坚实的专业基础和创新能力。”该院工业设计系主任张雷在寄语中这样写道。</p>\n<p class=\"art_p\" cms-style=\"font-L\">景德镇陶瓷大学艺术专业（陶瓷装饰设计研究方向）2020届硕士毕业生张旭的毕业作品《镜像星空》以及《遨游在星空中的鱼》也将被“云展示”。“采用这种线上展览的方式不仅可以解决聚集问题，更有效的解决了作品不能展览的情况，同时也为不能到场的观众带来更多便捷。”（完）</p>",
                "url": "https://edu.sina.cn/2020-06-15/detail-iirczymk6996040.d.html?vt=4&pos=108",
                "weburl": "https://edu.sina.com.cn/l/2020-06-15/doc-iirczymk6996040.shtml"
            },
            {
                "title": "20元起刷单 直播带货“水分”不少",
                "time": "2020-06-15 03:03:01",
                "src": "新浪科技综合",
                "category": "tech",
                "pic": "https://n.sinaimg.cn/spider2020615/738/w550h188/20200615/5bc6-iuzasxs2745145.png",
                "content": "<p class=\"art_p\">来源：北京商报</p>\n<p class=\"art_p\">原标题：20元起刷单 直播带货“水分”不少</p>\n<p class=\"art_p\" cms-style=\"font-L\">直播带货正如日中天，但热度也存在不少水分，刷单现象频频出现。北京商报记者调查发现，刷粉丝量、刷播放量、刷订单的小广告在网络各个渠道比比皆是，20元起步便可获得至少2万次的播放量，甚至还可定制要求。据部分提供刷单服务的卖家透露，单月交易量就可达到数百甚至上千件。</p>\n\r\n\t\t\t\t\t\t\t\t\t<figure class=\"art_img_mini j_p_gallery\">\r\n\t\t\t\t\t\t\t\t\t\t<img class=\"art_img_mini_img j_fullppt_cover\"  src='https://n.sinaimg.cn/spider2020615/738/w550h188/20200615/5bc6-iuzasxs2745145.png' alt=\"\" />\r\n\t\t\t\t\t\t\t\t\t\t<h2 class=\"art_img_tit\"></h2>\r\n\t\t\t\t\t\t\t\t\t</figure>\r\n\t\t\t\t\t\t\t\t\n<p class=\"art_p\" cms-style=\"strong-Bold font-L\"><font cms-style=\"font-L strong-Bold\">每月交易量上千</font></p>\n<p class=\"art_p\" cms-style=\"font-L\">如今，刷单似乎已成为直播带货的常规操作。北京商报记者以“直播”“播放量”“粉丝”“订单”等关键词在网络上进行搜索，出现了不少声称可提供刷单服务的介绍信息，几十块钱的价格便可获得数万次的播放量以及数百个点赞量。</p>\n<p class=\"art_p\" cms-style=\"font-L\">据某卖家发布的交易信息显示，若交纳20元，便可获得2万次播放量，同时至少100个点赞量和不少于15个分享量；而若交纳金额为50元，则能在获得6万次播放量的基础上，同时得到不少于300个和50个点赞量及分享量；甚至还能获得5个真人点评。此后交纳金额越高，获得的播放量、点赞量以及真人点评量也更多。</p>\n<p class=\"art_p\" cms-style=\"font-L\">卖家吴先生向北京商报记者透露，当日下单便可进行操作，如若对刷单的时间节点有要求，可事先进行沟通，同时真人点评的内容也可提前安排好，“你们想刷出什么效果，我就能帮你实现什么效果”。</p>\n<p class=\"art_p\" cms-style=\"font-L\">不只是播放量、点赞量、点评量可以刷出来，直播带货中的销售量同样也可以刷。“我们不负责垫付下单时的货款，需要你们把用于下单的钱打过来，另外我们会收取一定服务费，具体收多少看你们预计刷多大数额的订单量。”负责刷销量的卖家李先生如是说。</p>\n<p class=\"art_p\" cms-style=\"font-L\">各式各样的刷单交易，甚至与直播带货本身的热度不相上下。从部分卖家的单月交易量可以发现，实现数百件的不在少数。且李先生表示，现在直播带货越来越火，交易量也出现增长的趋势，圈子里单月达成上千次交易的也不是个例。</p>\n<p class=\"art_p\" cms-style=\"strong-Bold font-L\"><font cms-style=\"font-L strong-Bold\">软件系统+人工操作</font></p>\n<p class=\"art_p\" cms-style=\"font-L\">北京商报记者了解到，现阶段刷单者主要通过系统软件和人工两种方式进行操作。</p>\n<p class=\"art_p\" cms-style=\"font-L\">据吴先生透露，目前网络上有多种软件可实现同步批量操控多部手机，从而在快手、抖音等平台上进行刷单。“我用的软件系统可实现一台电脑同时控制上千部手机，一键批量进行观看直播以及进行点赞、转发、关注等操作。此外通过在系统上进行设置，也能让操控的手机对直播内容评论。以上这些完全是模式化的操作，只需要事先设置好，后期便可按照需求操作，不需要耗费更多精力。”</p>\n<p class=\"art_p\" cms-style=\"font-L\">然而，软件系统的一键式操作也容易被直播平台发现造假行为，此时人工操作的方式便浮出水面。且现阶段网络上已出现部分专门为刷单而设置的聊天群，大量人工操作者在该群内接单、刷单。</p>\n<p class=\"art_p\" cms-style=\"font-L\">黄女士便是人工操作中的一员，“在进入该群时，首先要交纳一定费用作为入群费，价格一般在100-300元不等，根据交纳金额的不同，可接受的任务也不同，但只要进入该群，便可以每天收到多个刷单信息。一般情况下，需要人工操作的多为真实评论量和产品销售量，刷单越多，收入越高，我曾经实现过一个月靠刷单挣了2000多元”。</p>\n<p class=\"art_p\" cms-style=\"strong-Bold font-L\"><font cms-style=\"font-L strong-Bold\">近万亿市场规模</font></p>\n<p class=\"art_p\" cms-style=\"font-L\">刷单行为之所以频频出现，首先与商家为了营造声势有关。除此之外，按照行业惯例，直播间销量的高低会与MCN机构能获得多少收益和提成挂钩，因此部分主播及MCN机构也会主动刷单来保证自己的收益。</p>\n<p class=\"art_p\" cms-style=\"font-L\">“直播带货并非次次都能达到预期效果，为了服务费不被抽走，同时获得提成，主播及MCN机构便会自己操作下单补足销量，此后再通过退货等方式收回投入的金额，且一般直播带货的商家允许出现一定比例的退货率，因此这样操作既完成了目标任务，又获得了提成。”某MCN机构相关负责人周先生如是说。</p>\n<p class=\"art_p\" cms-style=\"font-L\">而在刷单的背后，是直播带货广阔的市场规模。艾媒咨询此前曾对外发布数据显示，2019年我国直播电商行业的总规模就已达到4338亿元，而在2020年，不仅我国在线直播的用户规模将达5.24亿人，作为当下最为火热的新兴商业模式之一，直播电商的规模也将进一步增加，使得行业总规模有望突破9000亿元，达到近万亿元。</p>\n<p class=\"art_p\" cms-style=\"font-L\">较大的市场红利吸引各方相继入局，而为了能吃到更大的蛋糕，难免有人找寻捷径。就在本月初，快手网红“小伊伊”曾进行直播带货，并对外官宣成交额过亿元，然而没过多久，便有多名微博大V举报称，从第三方双平台实时监测数据显示，“小伊伊”的销售额分别为826.6万元和855.43万元。</p>\n<p class=\"art_p\" cms-style=\"font-L\">刷单的弊端不言而喻。消费者会因虚假数字而受到欺骗，购买到名不副实或本身并不需要的产品，若经常受到误导，反而会对直播带货产生反感，不再产生消费欲望，有可能会直接切断整个市场的发展空间。</p>\n<p class=\"art_p\" cms-style=\"font-L\">此外，还会有品牌方在恶意刷单中承受损失。4天前，杭州子屹文化传媒有限公司（以下简称“子屹文化”）便向杭州朴润文化传播有限公司（以下简称“朴润文化”）发函，要求对方返还坑位服务费并赔偿一切损失。据子屹文化透露，该公司支付朴润文化直播坑位服务费20万元，同时朴润文化承诺完成50万元的销售额。但由于朴润文化恶意刷单，不仅未能完成销售要求，更导致品牌方店铺被淘宝平台认定为虚假交易，被处以降权及扣除12分的处罚，给品牌方及公司造成巨大经济损失。</p>\n<p class=\"art_p\" cms-style=\"font-L\">投资分析师许杉认为，用刷单装饰出来的高额播放量和销售量，一方面证明着主播并未能调动起消费者的购买欲望，另一方面也会给商家和品牌方带来损害，付出的资源得不到真实的回报，导致对直播带货避而远之，长此以往，反而会令市场无法再向前发展。</p>\n<p class=\"art_p\" cms-style=\"font-L\">北京商报沸点调查小组</p>",
                "url": "https://tech.sina.cn/2020-06-15/detail-iircuyvi8476832.d.html?vt=4&pos=108",
                "weburl": "https://tech.sina.com.cn/i/2020-06-15/doc-iircuyvi8476832.shtml"
            },
            {
                "title": "北京丰台区副区长周宇清等被免职 因疫情防控工作失职失责",
                "time": "2020-06-15 03:00:00",
                "src": "新京报网",
                "category": "finance",
                "pic": "https://n.sinaimg.cn/default/2fb77759/20151125/320X320.png",
                "content": "<p class=\"art_p\"><span style=\"font-family: KaiTi_GB2312, KaiTi;\">原标题：疫情防控工作失职失责 北京丰台区副区长周宇清等被免职</span></p>\n<p class=\"art_p\" cms-style=\"font-L align-Justify\">据北京日报消息，昨天下午，市委常委会召开会议，研究关于对丰台区有关人员在新冠肺炎疫情防控工作中失职失责问题初步调查和处理的事项。市委书记蔡奇主持会议。    </p>\n<p class=\"art_p\" cms-style=\"font-L align-Justify\">6月11日以来，我市连续发现新冠肺炎确诊病例。在确诊病例流行病学调查和大数据溯源中，发现均有北京新发地农产品批发市场活动史或有关人员接触史。6月13日，市纪委市监委成立调查组，针对北京新发地农产品批发市场新冠肺炎疫情防控工作中存在的失职失责问题进行调查。经查，丰台区副区长周宇清、丰台区花乡党委书记王华、新发地农产品批发市场总经理张月琳在疫情防控工作中存在落实“四方责任”不到位、“四早”要求不力、消杀工作不到位等问题。    </p>\n<p class=\"art_p\" cms-style=\"font-L align-Justify\">经市委常委会研究，给予周宇清免职处理，按照相关程序办理。此外，经丰台区委常委会研究，给予王华免职处理；责令有关单位免去张月琳新发地农产品批发市场总经理职务。市纪委市监委调查组将继续深入调查，依据调查情况对相关责任人员进行问责处理。</p>\n<p class=\"art_p\" cms-style=\"font-L align-Justify\">编辑 杨利</p>\n<p class=\"art_p\" cms-style=\"font-L align-Justify\">来源：北京日报</p>\n<p class=\"art_p\" cms-style=\"font-L align-Justify\">原标题：在疫情防控工作中失职失责！市委常委会研究决定对丰台区有关人员进行调查和处理</p>",
                "url": "https://finance.sina.cn/2020-06-15/detail-iircuyvi8476850.d.html?vt=4&pos=108",
                "weburl": "https://finance.sina.com.cn/china/2020-06-15/doc-iircuyvi8476850.shtml"
            },
            {
                "title": "贾跃亭所持乐视网股票拍卖无人报名 公司千余项商标或受影响",
                "time": "2020-06-15 01:24:00",
                "src": "证券日报 ",
                "category": "tech",
                "pic": "https://n.sinaimg.cn/tech/transform/667/w400h267/20200414/60ef-isehnnk1876674.jpg",
                "content": "<p class=\"art_p\" cms-style=\"font-L\">原标题：贾跃亭所持乐视网股票拍卖无人报名 公司千余项商标或受影响 </p>\n<p class=\"art_p\" cms-style=\"font-L\">14000多人围观，0人报名。6月14日，贾跃亭持有的乐视网2210万股无限售流通股拍卖因无人报名而流拍。</p>\n<p class=\"art_p\" cms-style=\"font-L\">《证券日报》记者在京东拍卖平台看到，此次拍卖由北京市第一中级人民法院发起，于6月13日10时至2020年6月14日10时公开拍卖，拍卖标的为贾跃亭持有的乐视网2210万股无限售流通股，约占已发行股份的0.55%，起拍价为5547万元。</p>\n<p class=\"art_p\" cms-style=\"font-L\">京东拍卖平台还显示，乐视网持有的1354项商标（其中5项已注销）也将于6月29日拍卖，起拍价为13.64万元。《证券日报》记者注意到，此次打包拍卖的商标中，包括乐视、乐视TV、LETV、乐视超级电视等为大众所熟知的商标。</p>\n<p class=\"art_p\" cms-style=\"font-L\"><strong><font cms-style=\"font-L\">贾跃亭乐视网股权拍卖流拍</font></strong></p>\n<p class=\"art_p\" cms-style=\"font-L\">竞买公告显示，鉴于乐视网股票已于2019年5月13日起暂停上市，法院以暂停上市前20个交易日的收盘价均价即每股2.51元作为处置参考价，共计5547万元。</p>\n<p class=\"art_p\" cms-style=\"font-L\">不过，这一拍卖价格相较于乐视网停牌前最后一个交易日1.69元每股的价格高出48.5%。6月5日，乐视网股票进入退市整理期，当日开盘即跌停。截至6月12日收盘，乐视网连续迎来6个跌停板，股价跌破1元，报0.9元每股，总市值35.9亿元。</p>\n<p class=\"art_p\" cms-style=\"font-L\">根据竞买公告，目前，拍卖标的物已质押给了申请执行人，竞买人已经持有的股份数额和其竞买的股份数额累计不得超过该上市公司已发行股份数额的30%；如竞买人累计持有该上市公司股份数额已经达到30%仍参与竞买的，应当特别向法院提出申请，并应当按照《证券法》的相关规定办理；在此期间，法院依法中止拍卖程序。</p>\n<p class=\"art_p\" cms-style=\"font-L\">不过，即使这场拍卖吸引了14772人围观，233人设置关注提醒，但0人报名，最终，因拍卖无人出价而流拍。</p>\n<p class=\"art_p\" cms-style=\"font-L\">事实上，自2018年以来，贾跃亭所持乐视网股票已多次被司法处置用于偿还债务。乐视网一季报显示，截至今年3月31日，贾跃亭持有乐视网9.2亿股，其中，9.2亿股已全部冻结，8.57亿股被质押。</p>\n<p class=\"art_p\" cms-style=\"font-L\">目前，乐视网股票已进入退市整理期，在退市整理期交易30个交易日后公司股票将被摘牌。终止上市后，乐视网股票将转入全国中小企业股份转让系统进行股份转让。而截至3月31日，乐视网股东人数为28万余人。</p>\n<p class=\"art_p\" cms-style=\"font-L\">“进入股转系统之后也很难有交易量，由于创业板股票退市后不能再重新上市，对于乐视网来说，只能慢慢等重组或破产清算。”私募人士吴先生对《证券日报》记者说。</p>\n<p class=\"art_p\" cms-style=\"font-L\">香颂资本执行董事沈萌对《证券日报》记者表示，乐视网退市之后，破产重组的可能性极小，因为不具重整的基础，清算的可能性更大。但债权人目前可执行的乐视网资产很少，有价值的更少。而对于乐视网股东来说，或许将不得不接受大幅度的损失。</p>\n<p class=\"art_p\" cms-style=\"font-L\"><strong><font cms-style=\"font-L\">乐视网千余项商标待拍卖</font></strong></p>\n<p class=\"art_p\" cms-style=\"font-L\">乐视网的资产处置也同步在进行。根据京东拍卖显示，北京市第三中级人民法院将于2020年6月29日10时至2020年6月30日10时止，对乐视网持有的1354项商标（其中5项已注销）进行公开拍卖。标的物评估价19.49万元，起拍价13.64万元。目前已有35人报名，15177人围观，360人设置关注提醒。</p>\n<p class=\"art_p\" cms-style=\"font-L\">《证券日报》记者注意到，此次拍卖商标中，包括乐视、乐视超级电视等标志性商标。而乐视超级电视的运营方乐融致新更是一度被认为是乐视网最优质资产。不过，2018年12月份，乐视网失去对乐融致新的控制权，乐融致新不再纳入乐视网财务报表合并范围。</p>\n<p class=\"art_p\" cms-style=\"font-L\">资产评估报告显示，2019年3月份，乐视网将此次拍卖的商标中LE、LETV、乐视、乐视TV、乐视TV超级电视、乐视超级电视等6项商标对外授权给乐融致新（简称“被许可方”），授权被许可方使用该商标，许可方亦可使用该商标和许可其他人使用该商标，同时允许授权方再授权他人使用。</p>\n<p class=\"art_p\" cms-style=\"font-L\">“乐视网即将退市，乐视体系崩塌，乐视众多商标拍卖，从资本市场到普通公众，对乐视都已彻底丧失信心，以目前的市场环境，对所有和‘乐视’品牌相关的产品均非常不利，包括乐融致新目前在运营的乐视超级电视。”家电行业观察人士刘步尘对《证券日报》记者如是说。</p>",
                "url": "https://tech.sina.cn/i/gn/2020-06-15/detail-iircuyvi8481925.d.html?vt=4&pos=108",
                "weburl": "https://tech.sina.com.cn/i/2020-06-15/doc-iircuyvi8481925.shtml"
            },
            {
                "title": "巫师财经回应B站：未建立合同关系 会通过法律程序各自举证",
                "time": "2020-06-15 01:40:00",
                "src": "新浪科技",
                "category": "tech",
                "pic": "https://n.sinaimg.cn/tech/transform/667/w400h267/20200615/abac-iuzasxs2861342.jpg",
                "content": "<p class=\"art_p\" cms-style=\"font-L\">相关新闻：B站称“巫师财经”单方面违约将起诉 账号已冻结</p>\n<p class=\"art_p\" cms-style=\"font-L\">新浪科技讯 北京时间6月15日凌晨，知名UP主“巫师财经”发布针对<font cms-style=\"font-L\">B站</font><font cms-style=\"font-L\">公告的澄清说明，“巫师财经”表示，与B站从法律上并未建立合同关系，同时我未享受任何有关资源，未获取相关收益，对协议是否生效和相关责任认定，会通过法律程序各自举证。</font></p>\n<p class=\"art_p\" cms-style=\"font-L\">6月14日，B站起家的知名财经知识类UP主“巫师财经”发布一则视频，宣布未来将退出B站，希望与大家“江湖再见”。在视频中巫师财经透露，自己此前从未有任何商业化，而近期在B站“用爱发电”所做的视频效果反馈不及预期，自己在思考靠热情做入门科普的模式是否可持续。截至6月13日，巫师财经B站粉丝数为313万，此前它曾因抄袭备受争议。</p>\n<p class=\"art_p\" cms-style=\"font-L\">随后，B站官方发布声明，称此前已经与“巫师财经”签订长期内容合作协议，此次为后者单方面违约。对于这种行为，感到“十分震惊和遗憾”。</p>\n<p class=\"art_p\" cms-style=\"font-L\">“巫师财经”是B站第一批快速成长的知识类UP之一，被许多人称一手带动了B站的财经类UP主成长，并为知识分区上线奠定了基础。</p>\n<p class=\"art_p\" cms-style=\"font-L\"><strong>以下为全文</strong></p>\n\r\n\t\t\t\t\t\t\t\t\t<figure class=\"art_img_mini j_p_gallery\">\r\n\t\t\t\t\t\t\t\t\t\t<img class=\"art_img_mini_img j_fullppt_cover\"  src='https://n.sinaimg.cn/finance/transform/76/w440h1236/20200615/cebe-iuzasxs2658346.jpg' alt=\"\" />\r\n\t\t\t\t\t\t\t\t\t\t<h2 class=\"art_img_tit\"></h2>\r\n\t\t\t\t\t\t\t\t\t</figure>",
                "url": "https://tech.sina.cn/i/gn/2020-06-15/detail-iirczymk7011102.d.html?vt=4&pos=108",
                "weburl": "https://tech.sina.com.cn/i/2020-06-15/doc-iirczymk7011102.shtml"
            },
            {
                "title": "恒大转会：美国主攻罗宾逊加盟 林莉郑益昕留队",
                "time": "2020-06-14 19:29:41",
                "src": "新浪体育",
                "category": "sports",
                "pic": "https://n.sinaimg.cn/sports/transform/215/w650h365/20200614/b5fb-iuzasxs1917346.png",
                "content": "<p class=\"art_p\">北京时间6月14日消息，意大利排球记者Alessandro Garotta在个人社交网站更新排球市场转会动态。值得关注的是，Alessandro Garotta对于中国广东恒大女排的转会情况做了一定的介绍。</p>\n\r\n\t\t\t\t\t\t\t\t\t<figure class=\"art_img_mini j_p_gallery\">\r\n\t\t\t\t\t\t\t\t\t\t<img class=\"art_img_mini_img j_fullppt_cover\"  src='https://n.sinaimg.cn/sports/transform/116/w598h318/20200614/6890-iuzasxs1916394.png' alt=\"\" />\r\n\t\t\t\t\t\t\t\t\t\t<h2 class=\"art_img_tit\"></h2>\r\n\t\t\t\t\t\t\t\t\t</figure>\r\n\t\t\t\t\t\t\t\t\n<p class=\"art_p\">Alessandro Garotta主要谈到了以下四点：</p>\n<p class=\"art_p\">1。美国主攻罗宾逊已完成签约手续</p>\n<p class=\"art_p\">2。郑益昕@肥肥很蜡笔 、林莉@LL_415N 继续效力恒大</p>\n<p class=\"art_p\">3。保加利亚外援拉巴德捷耶娃续约恒大</p>\n<p class=\"art_p\">4。恒大仍在寻找第三外援，大概率是一名副攻</p>\n\r\n\t\t\t\t\t\t\t\t\t<figure class=\"art_img_mini j_p_gallery\">\r\n\t\t\t\t\t\t\t\t\t\t<img class=\"art_img_mini_img j_fullppt_cover\"  src='https://n.sinaimg.cn/sports/transform/350/w650h500/20200614/d201-iuzasxs1925438.jpg' alt=\"\" />\r\n\t\t\t\t\t\t\t\t\t\t<h2 class=\"art_img_tit\"></h2>\r\n\t\t\t\t\t\t\t\t\t</figure>\r\n\t\t\t\t\t\t\t\t\n<div sax-type=\"proxy\" class=\"j_native_wxz200614 box\" style=\"margin:20px 0\"></div><p class=\"art_p\">美国女排主攻罗宾逊近年来一直在欧洲闯荡，2014-2015赛季和2016-2017赛季，罗宾逊曾加盟北汽女排征战中国女排联赛。这是罗宾逊时隔四年再度来华，恒大也将是美国人效力的第二个中国俱乐部。</p>\n\r\n\t\t\t\t\t\t\t\t\t<figure class=\"art_img_mini j_p_gallery\">\r\n\t\t\t\t\t\t\t\t\t\t<img class=\"art_img_mini_img j_fullppt_cover\"  src='https://n.sinaimg.cn/sports/transform/215/w650h365/20200614/b5fb-iuzasxs1917346.png' alt=\"\" />\r\n\t\t\t\t\t\t\t\t\t\t<h2 class=\"art_img_tit\"></h2>\r\n\t\t\t\t\t\t\t\t\t</figure>\r\n\t\t\t\t\t\t\t\t\n<p class=\"art_p\">保加利亚外援拉巴德捷耶娃续约恒大，这将是保加利亚人连续三个赛季效力恒大。</p>\n<p class=\"art_p\">上赛季福建两大当家花旦郑益昕和林莉加盟广东恒大，帮助名帅方岩执教的粤军闯进联赛四强，这也是广东恒大女排近年来的最佳战绩。</p>\n<p class=\"art_p\">由于中国女排备战东京奥运会的需要，而郑益昕和林莉的母队福建女排，在联赛中处于中后段，因此两位球员能够加盟保障和实力更强的广东，也将对两人冲击东京奥运会名额给与一定的保障。</p>\n<p class=\"art_p\">（小黑）</p>",
                "url": "https://sports.sina.cn/others/volleyball/2020-06-14/detail-iirczymk6973341.d.html?vt=4&pos=108",
                "weburl": "https://sports.sina.com.cn/others/volleyball/2020-06-14/doc-iirczymk6973341.shtml"
            },
            {
                "title": "建设黄河流域生态保护和高质量发展先行区",
                "time": "2020-06-12 14:28:00",
                "src": "央视",
                "category": "news",
                "pic": "https://n.sinaimg.cn/spider2020612/31/w1000h631/20200612/c084-iuvaazp6132128.jpg",
                "content": "<p class=\"art_p\">原标题：央视快评丨努力建设黄河流域生态保护和高质量发展先行区</p>\n<p class=\"art_p\" cms-style=\"font-L\">近日，习近平总书记在宁夏考察时强调，要把保障黄河长治久安作为重中之重，实施河道和滩区综合治理工程，统筹推进两岸堤防、河道控导、滩区治理，推进水资源节约集约利用，统筹推进生态保护修复和环境治理，努力建设黄河流域生态保护和高质量发展先行区。</p>\n\r\n\t\t\t\t\t\t\t\t\t<figure class=\"art_img_mini j_p_gallery\">\r\n\t\t\t\t\t\t\t\t\t\t<img class=\"art_img_mini_img j_fullppt_cover\"  src='https://n.sinaimg.cn/spider2020612/31/w1000h631/20200612/c084-iuvaazp6132128.jpg'/>\r\n\t\t\t\t\t\t\t\t\t</figure>\r\n\t\t\t\t\t\t\t\t\n<p class=\"art_p\" cms-style=\"font-L\">习近平总书记的重要指示，对包括宁夏在内的黄河流域具有重大的理论和实践指导意义，为加强黄河流域生态保护、促进黄河流域高质量发展、保障黄河长治久安指明了清晰的方向、注入了新的动力，凝聚起再出发的信心决心。</p>\n<p class=\"art_p\" cms-style=\"font-L\">因黄河而兴、因黄河而美、因黄河而强。宁夏是黄河流经9个省区中唯一全境属于黄河流域的省份，自古以来受黄河滋养润泽。党的十八大以来，习近平总书记两度考察宁夏，对加强黄河治理、促进高质量发展提出了一系列要求。宁夏广大干部群众牢记总书记殷切嘱托，在守住生态红线的同时，立足地域特色发展节水农业、打造沿河旅游、建设生态园区，蹚出了一条黄河治理与利用的新路子。</p>\n\r\n\t\t\t\t\t\t\t\t\t<figure class=\"art_img_mini j_p_gallery\">\r\n\t\t\t\t\t\t\t\t\t\t<img class=\"art_img_mini_img j_fullppt_cover\"  src='https://n.sinaimg.cn/spider2020612/605/w899h506/20200612/bac0-iuvaazp6132129.jpg'/>\r\n\t\t\t\t\t\t\t\t\t</figure>\r\n\t\t\t\t\t\t\t\t\n<p class=\"art_p\" cms-style=\"font-L\">跳出宁夏一域看黄河，站位全国大局谋发展。黄河流域大部分地区生态环境“痼疾”多、发展路径倚重倚能“转舵”慢，对外开放程度低、贫困人口多、贫困程度深，面临抓保护与促发展的双重历史重任。在习近平总书记的亲自谋划和部署下，黄河流域生态保护和高质量发展上升为重大国家战略，这是千载难逢的历史机遇。沿黄各地要紧紧抓住机遇，推进经济社会发展开拓新局面。</p>\n<p class=\"art_p\" cms-style=\"font-L\">乘势而上，聚势而强。沿黄各地要尊重自然规律、保持历史定力，牢固树立“一盘棋”思想，统筹好当前与长远、整体与局部、开发与保护等各方面关系，一张蓝图绘到底，一茬接着一茬干；要从实际出发，宜水则水、宜山则山，宜粮则粮、宜农则农，宜工则工、宜商则商，充分发挥比较优势，积极探索富有地域特色的高质量发展新路子，绘就“保护黄河富九省”的新历史画卷。</p>\n\r\n\t\t\t\t\t\t\t\t\t<figure class=\"art_img_mini j_p_gallery\">\r\n\t\t\t\t\t\t\t\t\t\t<img class=\"art_img_mini_img j_fullppt_cover\"  src='https://n.sinaimg.cn/spider2020612/622/w878h544/20200612/90bb-iuvaazp6132190.jpg'/>\r\n\t\t\t\t\t\t\t\t\t</figure>\r\n\t\t\t\t\t\t\t\t\n<p class=\"art_p\" cms-style=\"font-L\">“黄河落天走东海，万里写入胸怀间。”黄河流域各省区要牢记习近平总书记重要指示精神，坚定政治自觉、扛起历史责任，以更大决心、更高标准、更实举措，牢牢守好改善生态环境生命线，在黄河流域生态保护和高质量发展中展现更大作为，唱响新时代的“黄河大合唱”，成就黄河安澜、海晏河清的千年民族梦想！（央视评论员）</p>",
                "url": "https://news.sina.cn/gn/2020-06-14/detail-iirczymk6627334.d.html?vt=4&pos=108",
                "weburl": "https://news.sina.com.cn/c/xl/2020-06-14/doc-iirczymk6627334.shtml"
            }
        ]
    }
}